{"cameraMode":{"drawMode":0,"name":"Shaded","section":"Shading Mode"},"sceneLighting":true,"audioPlay":false,"sceneViewState":{"m_AlwaysRefresh":false,"showFog":true,"showSkybox":true,"showFlares":true,"showImageEffects":true,"showParticleSystems":true,"showVisualEffectGraphs":true,"m_FxEnabled":true},"in2DMode":false,"pivot":{"x":-0.7458308935165405,"y":1.3307487964630128,"z":-2.727423667907715},"rotation":{"x":0.06445502489805222,"y":0.0035944636911153795,"z":-0.00023205578327178955,"w":0.9979152083396912},"size":5.315670967102051,"orthographic":false}