{"cameraMode":{"drawMode":0,"name":"Shaded","section":"Shading Mode"},"sceneLighting":false,"audioPlay":false,"sceneViewState":{"m_AlwaysRefresh":false,"showFog":true,"showSkybox":false,"showFlares":true,"showImageEffects":true,"showParticleSystems":true,"showVisualEffectGraphs":true,"m_FxEnabled":true},"in2DMode":false,"pivot":{"x":-0.00007802248001098633,"y":2.4113941192626955,"z":0.0002300739288330078},"rotation":{"x":0.07706081122159958,"y":0.9087604880332947,"z":-0.19359707832336427,"w":0.3616994023323059},"size":2.825653076171875,"orthographic":false}