{"cameraMode":{"drawMode":0,"name":"Shaded","section":"Shading Mode"},"sceneLighting":false,"audioPlay":false,"sceneViewState":{"m_AlwaysRefresh":false,"showFog":true,"showSkybox":false,"showFlares":true,"showImageEffects":true,"showParticleSystems":true,"showVisualEffectGraphs":true,"m_FxEnabled":true},"in2DMode":false,"pivot":{"x":-0.00011199712753295898,"y":1.9390475749969483,"z":0.00012993812561035156},"rotation":{"x":0.001027686521410942,"y":0.9901767373085022,"z":-0.1399397850036621,"w":0.007222381420433521},"size":3.0353851318359377,"orthographic":false}