{"cameraMode":{"drawMode":0,"name":"Shaded","section":"Shading Mode"},"sceneLighting":false,"audioPlay":false,"sceneViewState":{"m_AlwaysRefresh":false,"showFog":true,"showSkybox":false,"showFlares":true,"showImageEffects":true,"showParticleSystems":true,"showVisualEffectGraphs":true,"m_FxEnabled":true},"in2DMode":false,"pivot":{"x":0.00007545948028564453,"y":2.8366222381591799,"z":0.0001100301742553711},"rotation":{"x":0.07706081122159958,"y":0.9087604880332947,"z":-0.19359707832336427,"w":0.3616994023323059},"size":3.1959824562072756,"orthographic":false}